goldcode-sv,pdp_url,image_no,image_url,link_status
02090447-1,https://kachivietnam.com/products/noi-chien-khong-dau-6l-mishio-mk408-mau-xam-sang-trong-bao-hanh-24-thang,1,https://cdn.hstatic.net/products/1000389255/1_fb135b3dc1f14b2bbefbdc7dab754e7e_1024x1024.jpg,Active
02090447-1,https://kachivietnam.com/products/noi-chien-khong-dau-6l-mishio-mk408-mau-xam-sang-trong-bao-hanh-24-thang,2,https://cdn.hstatic.net/products/1000389255/3_c0553e424cd740c69e101a93436e5c34_1024x1024.jpg,Active
02090447-1,https://kachivietnam.com/products/noi-chien-khong-dau-6l-mishio-mk408-mau-xam-sang-trong-bao-hanh-24-thang,3,https://cdn.hstatic.net/products/1000389255/2_73117b1fa08a496cb01fe431e6b6b9c3_1024x1024.jpg,Active
02090447-1,https://kachivietnam.com/products/noi-chien-khong-dau-6l-mishio-mk408-mau-xam-sang-trong-bao-hanh-24-thang,4,https://cdn.hstatic.net/products/1000389255/5_c14c418d30a94d67b8e79b5d98d2f9cb_1024x1024.jpg,Active
02090447-1,https://kachivietnam.com/products/noi-chien-khong-dau-6l-mishio-mk408-mau-xam-sang-trong-bao-hanh-24-thang,5,https://cdn.hstatic.net/products/1000389255/4_b6b803a599ba445084880ee36a76917e_1024x1024.jpg,Active
02090447-1,https://kachivietnam.com/products/noi-chien-khong-dau-6l-mishio-mk408-mau-xam-sang-trong-bao-hanh-24-thang,6,https://cdn.hstatic.net/products/1000389255/6_32fc978fb1594ed58b417e2e678b42c8_1024x1024.jpg,Active
02090447-1,https://kachivietnam.com/products/noi-chien-khong-dau-6l-mishio-mk408-mau-xam-sang-trong-bao-hanh-24-thang,7,https://cdn.hstatic.net/products/1000389255/7_f011fd75e6ab4782be98d2cde5474a14_1024x1024.jpg,Active
02090447-1,https://kachivietnam.com/products/noi-chien-khong-dau-6l-mishio-mk408-mau-xam-sang-trong-bao-hanh-24-thang,8,https://product.hstatic.net/1000389255/product/4_32172a684b954c90aa09730eb6522321_1024x1024.jpg,Active
02090447-1,https://kachivietnam.com/products/noi-chien-khong-dau-6l-mishio-mk408-mau-xam-sang-trong-bao-hanh-24-thang,9,https://product.hstatic.net/1000389255/product/5_cdef932401d54fe5a32d09b124eaceb5_1024x1024.jpg,Active
02090447-1,https://kachivietnam.com/products/noi-chien-khong-dau-6l-mishio-mk408-mau-xam-sang-trong-bao-hanh-24-thang,10,https://product.hstatic.net/1000389255/product/7_7820a1e809b24f248cfc17f195b0704a_1024x1024.jpg,Active
02090447-1,https://kachivietnam.com/products/noi-chien-khong-dau-6l-mishio-mk408-mau-xam-sang-trong-bao-hanh-24-thang,11,https://product.hstatic.net/1000389255/product/6_7119635110b84df0b8513a5e681db062_1024x1024.jpg,Active
02090447-1,https://kachivietnam.com/products/noi-chien-khong-dau-6l-mishio-mk408-mau-xam-sang-trong-bao-hanh-24-thang,12,https://product.hstatic.net/1000389255/product/8_ee56a7beaf044671957f81c9c5ae1e37_1024x1024.jpg,Active
02090447-1,https://kachivietnam.com/products/noi-chien-khong-dau-6l-mishio-mk408-mau-xam-sang-trong-bao-hanh-24-thang,13,https://product.hstatic.net/1000389255/product/9_8a68b53ac68a4a84b6bf881624e13c29_1024x1024.jpg,Active
02090447-1,https://kachivietnam.com/products/noi-chien-khong-dau-6l-mishio-mk408-mau-xam-sang-trong-bao-hanh-24-thang,14,https://product.hstatic.net/1000389255/product/2_4a14fca746ea46eaaf3e09935ade2c41_1024x1024.jpg,Active
02090447-1,https://kachivietnam.com/products/noi-chien-khong-dau-6l-mishio-mk408-mau-xam-sang-trong-bao-hanh-24-thang,15,https://product.hstatic.net/1000389255/product/14_aefb85b1e34442f1b9b3ee744e6e5289_1024x1024.jpg,Active
02090447-1,https://kachivietnam.com/products/noi-chien-khong-dau-6l-mishio-mk408-mau-xam-sang-trong-bao-hanh-24-thang,16,https://product.hstatic.net/1000389255/product/10_a34ad7bf34d8411bbc79a7bd9e9e3355_1024x1024.jpg,Active
02100055-1,https://kachivietnam.com/products/may-massage-co-vay-gay-kachi-mk395,1,https://cdn.hstatic.net/products/1000389255/1_87ea44ead29e47368cb671c39e302b7f_1024x1024.jpg,Active
02100055-1,https://kachivietnam.com/products/may-massage-co-vay-gay-kachi-mk395,2,https://cdn.hstatic.net/products/1000389255/2_dd67e76a3aa14b43befcebd41c53e7c7_1024x1024.jpg,Active
02100055-1,https://kachivietnam.com/products/may-massage-co-vay-gay-kachi-mk395,3,https://cdn.hstatic.net/products/1000389255/3_5ec01bc876904e508db11aa1ec98226a_1024x1024.jpg,Active
02100055-1,https://kachivietnam.com/products/may-massage-co-vay-gay-kachi-mk395,4,https://cdn.hstatic.net/products/1000389255/4_d43cfeefe26b448fbf36c5e3d1d2c383_1024x1024.jpg,Active
02100055-1,https://kachivietnam.com/products/may-massage-co-vay-gay-kachi-mk395,5,https://cdn.hstatic.net/products/1000389255/5_22194d7d4d2e498b9cfb291ffa2db262_1024x1024.jpg,Active
02100055-1,https://kachivietnam.com/products/may-massage-co-vay-gay-kachi-mk395,6,https://cdn.hstatic.net/products/1000389255/6_f7d3f138c7ef43e3bb27ef8f54c0736f_1024x1024.jpg,Active
02100055-1,https://kachivietnam.com/products/may-massage-co-vay-gay-kachi-mk395,7,https://cdn.hstatic.net/products/1000389255/7_9c3a308501894bfc83d7b505fbcf9e82_1024x1024.jpg,Active
02100055-1,https://kachivietnam.com/products/may-massage-co-vay-gay-kachi-mk395,8,https://cdn.hstatic.net/products/1000389255/8_07d58ca272e5414d842cebd56e9b02d0_1024x1024.jpg,Active
02100055-1,https://kachivietnam.com/products/may-massage-co-vay-gay-kachi-mk395,9,https://cdn.hstatic.net/products/1000389255/9_55d92ec4e1cc475fb2cf9a62a391c98a_1024x1024.jpg,Active
02068178-1,https://kachivietnam.com/products/may-massage-cam-tay-kachi-mk377-voi-9-cap-do-rung,1,https://cdn.hstatic.net/products/1000389255/2_b7451363160a4293ac1733ca33cb8b95_1024x1024.jpg,Active
02068178-1,https://kachivietnam.com/products/may-massage-cam-tay-kachi-mk377-voi-9-cap-do-rung,2,https://cdn.hstatic.net/products/1000389255/3_bef5396e223949348c8dfc095e3e58c3_1024x1024.jpg,Active
02068178-1,https://kachivietnam.com/products/may-massage-cam-tay-kachi-mk377-voi-9-cap-do-rung,3,https://cdn.hstatic.net/products/1000389255/4_6bcd0d1fff284f1d983a9d312b0aa42d_1024x1024.jpg,Active
02068178-1,https://kachivietnam.com/products/may-massage-cam-tay-kachi-mk377-voi-9-cap-do-rung,4,https://cdn.hstatic.net/products/1000389255/5_d350337883254ec5a520be5f5fbdb0a9_1024x1024.jpg,Active
02068178-1,https://kachivietnam.com/products/may-massage-cam-tay-kachi-mk377-voi-9-cap-do-rung,5,https://cdn.hstatic.net/products/1000389255/6_8f3942a09bb54df69c9d43b9c07c904d_1024x1024.jpg,Active
02068178-1,https://kachivietnam.com/products/may-massage-cam-tay-kachi-mk377-voi-9-cap-do-rung,6,https://cdn.hstatic.net/products/1000389255/7_4d8f9c433edf4cc3afd3d3c6fd514fa4_1024x1024.jpg,Active
02068178-1,https://kachivietnam.com/products/may-massage-cam-tay-kachi-mk377-voi-9-cap-do-rung,7,https://cdn.hstatic.net/products/1000389255/8_bc8d6c55ab9345f4b2bb6d37c42e791c_1024x1024.jpg,Active
02068178-1,https://kachivietnam.com/products/may-massage-cam-tay-kachi-mk377-voi-9-cap-do-rung,8,https://cdn.hstatic.net/products/1000389255/2_050c077ac87f4b229412ef102eb700c4_1024x1024.jpg,Active
02068178-1,https://kachivietnam.com/products/may-massage-cam-tay-kachi-mk377-voi-9-cap-do-rung,9,https://cdn.hstatic.net/products/1000389255/10_4ccbe9a00a9c44038af7ab6298467a49_1024x1024.jpg,Active
02068178-1,https://kachivietnam.com/products/may-massage-cam-tay-kachi-mk377-voi-9-cap-do-rung,10,https://product.hstatic.net/1000389255/product/sung-massage-kachi-mk377-note-638859302214854771_b8cda4e3fd70429ebe7d603b0cfdea9a_1024x1024.jpg,Active
02068178-1,https://kachivietnam.com/products/may-massage-cam-tay-kachi-mk377-voi-9-cap-do-rung,11,https://cdn.hstatic.net/products/1000389255/mk377_sung_massage_ded85394efff4a2db683668112b88044_1024x1024.jpg,Active
02100054-1,https://kachivietnam.com/products/ban-chai-dien-dau-xoay-tron-mk361,1,https://cdn.hstatic.net/products/1000389255/2_117e9fd1d11e47d9a90c0ca26d71b280_1024x1024.jpg,Active
02100054-1,https://kachivietnam.com/products/ban-chai-dien-dau-xoay-tron-mk361,2,https://cdn.hstatic.net/products/1000389255/3_d0269f1a4f75498f9723702c907f4950_1024x1024.jpg,Active
02100054-1,https://kachivietnam.com/products/ban-chai-dien-dau-xoay-tron-mk361,3,https://cdn.hstatic.net/products/1000389255/4_14c553db7d17466a8f2452504563b7bf_1024x1024.jpg,Active
02100054-1,https://kachivietnam.com/products/ban-chai-dien-dau-xoay-tron-mk361,4,https://cdn.hstatic.net/products/1000389255/5_dcc043337ab247b382be7b1bab923377_1024x1024.jpg,Active
02100054-1,https://kachivietnam.com/products/ban-chai-dien-dau-xoay-tron-mk361,5,https://cdn.hstatic.net/products/1000389255/6_1e4833b2e7a34ce38fe498f60b689b36_1024x1024.jpg,Active
02100054-1,https://kachivietnam.com/products/ban-chai-dien-dau-xoay-tron-mk361,6,https://cdn.hstatic.net/products/1000389255/7_285c6c8e7fec42b6a1c0707b584eabe1_1024x1024.jpg,Active
02100054-1,https://kachivietnam.com/products/ban-chai-dien-dau-xoay-tron-mk361,7,https://cdn.hstatic.net/products/1000389255/8_18f9ea52465f45e2980952ae053515c4_1024x1024.jpg,Active
02100054-1,https://kachivietnam.com/products/ban-chai-dien-dau-xoay-tron-mk361,8,https://cdn.hstatic.net/products/1000389255/1_96f09f859726411e99edd69998954f6f_1024x1024.jpg,Active
02100054-1,https://kachivietnam.com/products/ban-chai-dien-dau-xoay-tron-mk361,9,https://cdn.hstatic.net/products/1000389255/9_07efae53b9ac4fcd9186df5833da2210_1024x1024.jpg,Active
02100054-1,https://kachivietnam.com/products/ban-chai-dien-dau-xoay-tron-mk361,10,https://cdn.hstatic.net/products/1000389255/10_fb41a79b99a74926b5efc63f18cdac51_1024x1024.jpg,Active
02100054-1,https://kachivietnam.com/products/ban-chai-dien-dau-xoay-tron-mk361,11,https://cdn.hstatic.net/products/1000389255/more_practical_f7637463b5c94d62be17946d05711051_3b0d4e2e967b4c57a4bb9d6a66d68e62_1024x1024.jpg,Active
02100054-1,https://kachivietnam.com/products/ban-chai-dien-dau-xoay-tron-mk361,12,https://cdn.hstatic.net/products/1000389255/1_056aa3d30c7141c1b63ff1f533c1a839_1024x1024.jpg,Active
02100054-1,https://kachivietnam.com/products/ban-chai-dien-dau-xoay-tron-mk361,13,https://cdn.hstatic.net/products/1000389255/3_70d333d90f1e40b48ab8cfc346b36314_1024x1024.jpg,Active
02100054-1,https://kachivietnam.com/products/ban-chai-dien-dau-xoay-tron-mk361,14,https://product.hstatic.net/1000389255/product/artboard_9100_08a2c95bc7d7401fb7bc69204129d904_1024x1024.jpg,Active
02078215-1,https://kachivietnam.com/products/noi-lau-dien-mini-1-5l-mishio-mk392-600w,1,https://cdn.hstatic.net/products/1000389255/mk392__2__d2da414444b5470d9af689c94bf9d1cf_1024x1024.jpg,Active
02078215-1,https://kachivietnam.com/products/noi-lau-dien-mini-1-5l-mishio-mk392-600w,2,https://cdn.hstatic.net/products/1000389255/mk392__3__77f808421f564153bdd5eace8920d2fb_1024x1024.jpg,Active
02078215-1,https://kachivietnam.com/products/noi-lau-dien-mini-1-5l-mishio-mk392-600w,3,https://cdn.hstatic.net/products/1000389255/mk392__4__56e488ff6224440483437f5a4ce84646_1024x1024.jpg,Active
02078215-1,https://kachivietnam.com/products/noi-lau-dien-mini-1-5l-mishio-mk392-600w,4,https://cdn.hstatic.net/products/1000389255/mk392__5__5dfe7c091dd34decbab99f1767df2a04_1024x1024.jpg,Active
02078215-1,https://kachivietnam.com/products/noi-lau-dien-mini-1-5l-mishio-mk392-600w,5,https://cdn.hstatic.net/products/1000389255/mk392__6__a09d034885f54c1e9caef8c05d67a2bc_1024x1024.jpg,Active
02078215-1,https://kachivietnam.com/products/noi-lau-dien-mini-1-5l-mishio-mk392-600w,6,https://cdn.hstatic.net/products/1000389255/mk392__7__d2c8d9b00bf549c498730f65391c92c4_1024x1024.jpg,Active
02078215-1,https://kachivietnam.com/products/noi-lau-dien-mini-1-5l-mishio-mk392-600w,7,https://cdn.hstatic.net/products/1000389255/mk392__8__36056ae45d254f21b731fb0523afaf61_1024x1024.jpg,Active
02078215-1,https://kachivietnam.com/products/noi-lau-dien-mini-1-5l-mishio-mk392-600w,8,https://cdn.hstatic.net/products/1000389255/1_c7d19ae58de9406fb50ddf782f8bc5c7_1024x1024.jpg,Active
02078215-1,https://kachivietnam.com/products/noi-lau-dien-mini-1-5l-mishio-mk392-600w,9,https://cdn.hstatic.net/products/1000389255/6_2b1610c6d9e24472b18be8bd578cd7fa_1024x1024.jpg,Active
02078215-1,https://kachivietnam.com/products/noi-lau-dien-mini-1-5l-mishio-mk392-600w,10,https://cdn.hstatic.net/products/1000389255/4_bca2ef8901ca42adb3282e44d44af211_1024x1024.jpg,Active
02078215-1,https://kachivietnam.com/products/noi-lau-dien-mini-1-5l-mishio-mk392-600w,11,https://cdn.hstatic.net/products/1000389255/5_16387af52b364ac38464cf9717f1e593_1024x1024.jpg,Active
02063647-1,https://www.nguyenkim.com/quat-san-asiavina-turbo-max-vy646790-xam.html?srsltid=AfmBOopFZnQ1VYHAnr_Lr5fRGi2ZDt1UP03jTB__JIVW1xfYJ6CMJp1N,1,https://cdn.nguyenkimmall.com/images/thumbnails/600/336/detailed/1158/Quạt_sàn_Asiavina_Turbo_Max_VY646790_Xám.jpg,Active
02063647-1,https://www.nguyenkim.com/quat-san-asiavina-turbo-max-vy646790-xam.html?srsltid=AfmBOopFZnQ1VYHAnr_Lr5fRGi2ZDt1UP03jTB__JIVW1xfYJ6CMJp1N,2,https://cdn.nguyenkimmall.com/images/thumbnails/600/336/detailed/1158/Quạt_sàn_Asiavina_Turbo_Max_VY646790_Xám2.jpg,Active
02063647-1,https://www.nguyenkim.com/quat-san-asiavina-turbo-max-vy646790-xam.html?srsltid=AfmBOopFZnQ1VYHAnr_Lr5fRGi2ZDt1UP03jTB__JIVW1xfYJ6CMJp1N,3,https://cdn.nguyenkimmall.com/images/thumbnails/600/336/detailed/1158/Quạt_sàn_Asiavina_Turbo_Max_VY646790_Xám3.jpg,Active
02063647-1,https://www.nguyenkim.com/quat-san-asiavina-turbo-max-vy646790-xam.html?srsltid=AfmBOopFZnQ1VYHAnr_Lr5fRGi2ZDt1UP03jTB__JIVW1xfYJ6CMJp1N,4,https://cdn.nguyenkimmall.com/images/thumbnails/600/336/detailed/1158/Quạt_sàn_Asiavina_Turbo_Max_VY646790_Xám4.jpg,Active
00579116-1,https://supor.com.vn/noi-com-dien-tu-nieu/noi-com-dien-tu-e-spherical-supor-cfxb40fc33vn-75/,1,https://supor.com.vn/apps/uploads/2018/08/6-18.png,Active
00579116-1,https://supor.com.vn/noi-com-dien-tu-nieu/noi-com-dien-tu-e-spherical-supor-cfxb40fc33vn-75/,2,https://supor.com.vn/apps/uploads/2018/08/8-3.png,Active
00579116-1,https://supor.com.vn/noi-com-dien-tu-nieu/noi-com-dien-tu-e-spherical-supor-cfxb40fc33vn-75/,3,https://supor.com.vn/apps/uploads/2018/08/2-38.png,Active
00579116-1,https://supor.com.vn/noi-com-dien-tu-nieu/noi-com-dien-tu-e-spherical-supor-cfxb40fc33vn-75/,4,https://supor.com.vn/apps/uploads/2018/08/4-21.png,Active
00579116-1,https://supor.com.vn/noi-com-dien-tu-nieu/noi-com-dien-tu-e-spherical-supor-cfxb40fc33vn-75/,5,https://supor.com.vn/apps/uploads/2018/08/3-104.png,Active
00579116-1,https://supor.com.vn/noi-com-dien-tu-nieu/noi-com-dien-tu-e-spherical-supor-cfxb40fc33vn-75/,6,https://supor.com.vn/apps/uploads/2018/08/7.jpg,Active
00964532-1,https://www.tefal.com.vn/products/tefal-easy-rice-rk732168-1-8l,1,https://www.tefal.com.vn/cdn/shop/files/7211004184.jpg?v=1765036540&width=1946,Active
01410677-1,https://www.tefal.com.vn/products/tefal-easy-steam-fv1955e0-1400w,1,https://www.tefal.com.vn/cdn/shop/files/1830008321_01.jpg?v=1768208196&width=1946,Active
01410668-1,https://www.tefal.com.vn/products/mini-tefal-rk224168-0-7l,1,https://www.tefal.com.vn/cdn/shop/files/1_3adde7fd-4880-40ea-8b7b-98c988f3051b.jpg?v=1764524857&width=1946,Active
01264769-1,https://cometgiadung.vn/noi-com-dien-cm8006,1,https://bizweb.dktcdn.net/100/367/623/products/noi-com-con-heo-3.jpg?v=1720688780017,Active
01264769-1,https://cometgiadung.vn/noi-com-dien-cm8006,2,https://bizweb.dktcdn.net/100/367/623/products/noi-com-con-heo-4.jpg?v=1720688784217,Active
01264769-1,https://cometgiadung.vn/noi-com-dien-cm8006,3,https://bizweb.dktcdn.net/100/367/623/products/noi-com-con-heo-5.jpg?v=1720688784217,Active
01264769-1,https://cometgiadung.vn/noi-com-dien-cm8006,4,https://bizweb.dktcdn.net/100/367/623/products/noi-com-con-heo-6.jpg?v=1720688784217,Active
01264769-1,https://cometgiadung.vn/noi-com-dien-cm8006,5,https://bizweb.dktcdn.net/100/367/623/products/noi-com-con-heo-2.jpg?v=1720688784217,Active
01264769-1,https://cometgiadung.vn/noi-com-dien-cm8006,6,https://bizweb.dktcdn.net/100/367/623/files/noi-com-con-heo-comet-2.jpg?v=1720689543045,Active
01264768-1,https://cometgiadung.vn/may-xay-sinh-to-coi-nhua-khang-vo-450w-comet-cm9955,1,https://bizweb.dktcdn.net/100/367/623/products/2-d42b6cac-3c86-488b-9be2-d480c6bca5f3.jpg?v=1721701142847,Active
01264768-1,https://cometgiadung.vn/may-xay-sinh-to-coi-nhua-khang-vo-450w-comet-cm9955,2,https://bizweb.dktcdn.net/100/367/623/products/3-35a2192c-06ea-4d22-aeef-5e15bdef3aab.jpg?v=1721701154230,Active
01264768-1,https://cometgiadung.vn/may-xay-sinh-to-coi-nhua-khang-vo-450w-comet-cm9955,3,https://bizweb.dktcdn.net/100/367/623/products/4-5fe3a164-2ee6-47fd-b7a4-5108073647d6.jpg?v=1721701163027,Active
01264768-1,https://cometgiadung.vn/may-xay-sinh-to-coi-nhua-khang-vo-450w-comet-cm9955,4,https://bizweb.dktcdn.net/100/367/623/products/5-6f9e94bc-7bec-4188-a8e8-59381f130b21.jpg?v=1721701161397,Active
01264768-1,https://cometgiadung.vn/may-xay-sinh-to-coi-nhua-khang-vo-450w-comet-cm9955,5,https://bizweb.dktcdn.net/100/367/623/products/9955-2e.jpg?v=1721701154230,Active
01264768-1,https://cometgiadung.vn/may-xay-sinh-to-coi-nhua-khang-vo-450w-comet-cm9955,6,https://bizweb.dktcdn.net/100/367/623/products/tam-2-42e7882c-dd5c-4c15-a65c-6f9aec60ddd4.jpg?v=1721701163027,Active
01264768-1,https://cometgiadung.vn/may-xay-sinh-to-coi-nhua-khang-vo-450w-comet-cm9955,7,https://bizweb.dktcdn.net/100/367/623/products/tam-3-bae404ff-8ab3-4abd-b0e8-f3ee7aafe2d5.jpg?v=1721701145400,Active
01264768-1,https://cometgiadung.vn/may-xay-sinh-to-coi-nhua-khang-vo-450w-comet-cm9955,8,https://bizweb.dktcdn.net/100/367/623/products/tam-4-13.jpg?v=1721701148963,Active
02063649-1,https://ac-electric.com.vn/dieu-hoa-khong-khi/quat-dung/quat-dung-ac-55w-asf05a163,1,https://ac-electric.com.vn/Data/Sites/1/media/san-pham/dieu-hoa-khong-khi-/0-1.jpg,Active
02063649-1,https://ac-electric.com.vn/dieu-hoa-khong-khi/quat-dung/quat-dung-ac-55w-asf05a163,2,https://ac-electric.com.vn/Data/Sites/1/media/san-pham/dieu-hoa-khong-khi-/2.jpg,Active
02040293-1,https://www.bluestone.com.vn/products/may-say-toc-bluestone-hdb-1827-1100w,1,https://file.hstatic.net/200000700229/file/hdb-1827-05_35040cdf940746568f33b1431daf36a0.jpg,Active
02048291-1,https://www.bluestone.com.vn/products/noi-com-dien-bluestone-rcb-5519,1,https://file.hstatic.net/200000700229/file/rcb-5519-07_2be1d1de5aa44b80bd3ed4af44cf834a.jpg,Active
02101609-1,https://www.bluestone.com.vn/products/lo-vi-song-bluestone-mob-7815-dung-tich-20l,1,https://file.hstatic.net/200000700229/file/7815-01_grande.png,Active
02101609-1,https://www.bluestone.com.vn/products/lo-vi-song-bluestone-mob-7815-dung-tich-20l,2,https://file.hstatic.net/200000700229/file/7815-04_grande.png,Active
02101609-1,https://www.bluestone.com.vn/products/lo-vi-song-bluestone-mob-7815-dung-tich-20l,3,https://file.hstatic.net/200000700229/file/7815-05_grande.png,Active
02101609-1,https://www.bluestone.com.vn/products/lo-vi-song-bluestone-mob-7815-dung-tich-20l,4,https://file.hstatic.net/200000700229/file/7815-03_grande.png,Active
02101609-1,https://www.bluestone.com.vn/products/lo-vi-song-bluestone-mob-7815-dung-tich-20l,5,https://file.hstatic.net/200000700229/file/7815-02_grande.png,Active
02101609-1,https://www.bluestone.com.vn/products/lo-vi-song-bluestone-mob-7815-dung-tich-20l,6,https://file.hstatic.net/200000700229/file/7815-06_grande.png,Active
02101609-1,https://www.bluestone.com.vn/products/lo-vi-song-bluestone-mob-7815-dung-tich-20l,7,https://file.hstatic.net/200000700229/file/7815-08_grande.png,Active
02099496-1,https://sunhouse.com.vn/dien-gia-dung/noi-chien-khong-dau/noi-chien-khong-dau-9l-sunhouse-shd4037.html,1,https://sunhouse.com.vn/pic/product/images/so%cc%82%cc%81%201(6).jpg,Active
02099496-1,https://sunhouse.com.vn/dien-gia-dung/noi-chien-khong-dau/noi-chien-khong-dau-9l-sunhouse-shd4037.html,2,https://sunhouse.com.vn/pic/product/images/Banner-NCKD(8).jpg,Active
02099496-1,https://sunhouse.com.vn/dien-gia-dung/noi-chien-khong-dau/noi-chien-khong-dau-9l-sunhouse-shd4037.html,3,https://sunhouse.com.vn/pic/product/images/SHD4037(1).jpg,Active
02099496-1,https://sunhouse.com.vn/dien-gia-dung/noi-chien-khong-dau/noi-chien-khong-dau-9l-sunhouse-shd4037.html,4,https://sunhouse.com.vn/pic/product/images/SHD4037%20-%203(1).jpg,Active
02099496-1,https://sunhouse.com.vn/dien-gia-dung/noi-chien-khong-dau/noi-chien-khong-dau-9l-sunhouse-shd4037.html,5,https://sunhouse.com.vn/pic/product/images/02(52).jpg,Active
02099496-1,https://sunhouse.com.vn/dien-gia-dung/noi-chien-khong-dau/noi-chien-khong-dau-9l-sunhouse-shd4037.html,6,https://sunhouse.com.vn/pic/product/images/03(51).jpg,Active
02099496-1,https://sunhouse.com.vn/dien-gia-dung/noi-chien-khong-dau/noi-chien-khong-dau-9l-sunhouse-shd4037.html,7,https://sunhouse.com.vn/pic/product/images/04(40).jpg,Active
02099496-1,https://sunhouse.com.vn/dien-gia-dung/noi-chien-khong-dau/noi-chien-khong-dau-9l-sunhouse-shd4037.html,8,https://sunhouse.com.vn/pic/product/images/05(33).jpg,Active
02099496-1,https://sunhouse.com.vn/dien-gia-dung/noi-chien-khong-dau/noi-chien-khong-dau-9l-sunhouse-shd4037.html,9,https://sunhouse.com.vn/pic/product/images/06(23).jpg,Active
02099496-1,https://sunhouse.com.vn/dien-gia-dung/noi-chien-khong-dau/noi-chien-khong-dau-9l-sunhouse-shd4037.html,10,https://sunhouse.com.vn/pic/product/images/07(24).jpg,Active
02099496-1,https://sunhouse.com.vn/dien-gia-dung/noi-chien-khong-dau/noi-chien-khong-dau-9l-sunhouse-shd4037.html,11,https://sunhouse.com.vn/pic/product/images/09.jpg,Active
02099496-1,https://sunhouse.com.vn/dien-gia-dung/noi-chien-khong-dau/noi-chien-khong-dau-9l-sunhouse-shd4037.html,12,https://sunhouse.com.vn/pic/product/images/SHD4037%20-%202(1).jpg,Active
02055406-1,https://sunhouse.com.vn/dien-gia-dung/noi-chien-khong-dau/noi-chien-khong-dau-6-5l-sunhouse-shd4030.html,1,https://sunhouse.com.vn/pic/product/images/Banner-NCKD(10).jpg,Active
02055406-1,https://sunhouse.com.vn/dien-gia-dung/noi-chien-khong-dau/noi-chien-khong-dau-6-5l-sunhouse-shd4030.html,2,https://sunhouse.com.vn/pic/product/images/1000x670_4(2).jpg,Active
02055406-1,https://sunhouse.com.vn/dien-gia-dung/noi-chien-khong-dau/noi-chien-khong-dau-6-5l-sunhouse-shd4030.html,3,https://sunhouse.com.vn/pic/product/images/1000x670_7(17).jpg,Active
02055406-1,https://sunhouse.com.vn/dien-gia-dung/noi-chien-khong-dau/noi-chien-khong-dau-6-5l-sunhouse-shd4030.html,4,https://sunhouse.com.vn/pic/product/images/1000x670_5(2).jpg,Active
02055406-1,https://sunhouse.com.vn/dien-gia-dung/noi-chien-khong-dau/noi-chien-khong-dau-6-5l-sunhouse-shd4030.html,5,https://sunhouse.com.vn/pic/product/images/1000x670_6(2).jpg,Active
02055406-1,https://sunhouse.com.vn/dien-gia-dung/noi-chien-khong-dau/noi-chien-khong-dau-6-5l-sunhouse-shd4030.html,6,https://sunhouse.com.vn/pic/product/images/1000x670_8(12).jpg,Active
02055406-1,https://sunhouse.com.vn/dien-gia-dung/noi-chien-khong-dau/noi-chien-khong-dau-6-5l-sunhouse-shd4030.html,7,https://sunhouse.com.vn/pic/product/images/9(2).png,Active
02055406-1,https://sunhouse.com.vn/dien-gia-dung/noi-chien-khong-dau/noi-chien-khong-dau-6-5l-sunhouse-shd4030.html,8,https://sunhouse.com.vn/pic/product/images/1000x670_10(2).jpg,Active
02040356-1,https://sunhouse.com.vn/dien-gia-dung/bep-tu/bep-tu-don-sunhouse-shd6156mt.html,1,https://sunhouse.com.vn/pic/general/images/1000x670_7(4).jpg,Active
02040356-1,https://sunhouse.com.vn/dien-gia-dung/bep-tu/bep-tu-don-sunhouse-shd6156mt.html,2,https://sunhouse.com.vn/pic/general/images/1000x670_4(19).jpg,Active
02040356-1,https://sunhouse.com.vn/dien-gia-dung/bep-tu/bep-tu-don-sunhouse-shd6156mt.html,3,https://sunhouse.com.vn/pic/general/images/1000x670_5(13).jpg,Active
02040356-1,https://sunhouse.com.vn/dien-gia-dung/bep-tu/bep-tu-don-sunhouse-shd6156mt.html,4,https://sunhouse.com.vn/pic/general/images/1000x670_6(8).jpg,Active
02040356-1,https://sunhouse.com.vn/dien-gia-dung/bep-tu/bep-tu-don-sunhouse-shd6156mt.html,5,https://sunhouse.com.vn/pic/general/images/1000x670_8(2).jpg,Active
00564229-1,https://sunhouse.com.vn/dien-gia-dung/may-xay-sinh-to/sunhouse-shd5112.html,1,https://sunhouse.com.vn/pic/product/images/KV-XAY%20VAT%20EP(12).png,Active
00564229-1,https://sunhouse.com.vn/dien-gia-dung/may-xay-sinh-to/sunhouse-shd5112.html,2,https://sunhouse.com.vn/pic/product/images/may-xay-sinh-to-sunhouse-shd5112%20_002.png,Active
00564229-1,https://sunhouse.com.vn/dien-gia-dung/may-xay-sinh-to/sunhouse-shd5112.html,3,https://sunhouse.com.vn/pic/product/images/image-20191106103408-1.jpeg,Active
00564229-1,https://sunhouse.com.vn/dien-gia-dung/may-xay-sinh-to/sunhouse-shd5112.html,4,https://sunhouse.com.vn/pic/product/images/image-20191106103408-2.jpeg,Active
00564229-1,https://sunhouse.com.vn/dien-gia-dung/may-xay-sinh-to/sunhouse-shd5112.html,5,https://sunhouse.com.vn/pic/product/images/image-20191106103408-3.jpeg,Active
00564229-1,https://sunhouse.com.vn/dien-gia-dung/may-xay-sinh-to/sunhouse-shd5112.html,6,https://sunhouse.com.vn/pic/product/images/image-20191106103422-4.jpeg,Active
00564229-1,https://sunhouse.com.vn/dien-gia-dung/may-xay-sinh-to/sunhouse-shd5112.html,7,https://sunhouse.com.vn/pic/product/images/image-20191106103422-5.jpeg,Active
01996662-1,https://sunhouse.com.vn/dien-gia-dung/may-xay-thit/may-xay-thit-sunhouse-shd5403.html,1,https://sunhouse.com.vn/pic/product/images/KEYVISUAL%20SUNHOUSE%20compressed(29).jpg,Active
01996662-1,https://sunhouse.com.vn/dien-gia-dung/may-xay-thit/may-xay-thit-sunhouse-shd5403.html,2,https://sunhouse.com.vn/pic/general/images/1000x670_1(9).jpg,Active
01996662-1,https://sunhouse.com.vn/dien-gia-dung/may-xay-thit/may-xay-thit-sunhouse-shd5403.html,3,https://sunhouse.com.vn/pic/general/images/1000x670_3(13).jpg,Active
01996662-1,https://sunhouse.com.vn/dien-gia-dung/may-xay-thit/may-xay-thit-sunhouse-shd5403.html,4,https://sunhouse.com.vn/pic/general/images/1000x670_4(13).jpg,Active
01996662-1,https://sunhouse.com.vn/dien-gia-dung/may-xay-thit/may-xay-thit-sunhouse-shd5403.html,5,https://sunhouse.com.vn/pic/general/images/1000x670_5(7).jpg,Active
01996662-1,https://sunhouse.com.vn/dien-gia-dung/may-xay-thit/may-xay-thit-sunhouse-shd5403.html,6,https://sunhouse.com.vn/pic/general/images/1000x670_6(3).jpg,Active
00439956-1,https://sunhouse.com.vn/dien-gia-dung/am-sieu-toc/sunhouse-shd1182.html,1,https://sunhouse.com.vn/pic/product/images/am_sieu_toc_sunhouse_shd1182_002.jpg,Active
00439956-1,https://sunhouse.com.vn/dien-gia-dung/am-sieu-toc/sunhouse-shd1182.html,2,https://sunhouse.com.vn/pic/product/images/4(93).jpg,Active
00439956-1,https://sunhouse.com.vn/dien-gia-dung/am-sieu-toc/sunhouse-shd1182.html,3,https://sunhouse.com.vn/pic/product/images/2(98).jpg,Active
00439956-1,https://sunhouse.com.vn/dien-gia-dung/am-sieu-toc/sunhouse-shd1182.html,4,https://sunhouse.com.vn/pic/product/images/1(94).jpg,Active
00439956-1,https://sunhouse.com.vn/dien-gia-dung/am-sieu-toc/sunhouse-shd1182.html,5,https://sunhouse.com.vn/pic/product/images/6(73).jpg,Active
00439956-1,https://sunhouse.com.vn/dien-gia-dung/am-sieu-toc/sunhouse-shd1182.html,6,https://sunhouse.com.vn/pic/product/images/Artboard%203(63).jpg,Active
00439956-1,https://sunhouse.com.vn/dien-gia-dung/am-sieu-toc/sunhouse-shd1182.html,7,https://sunhouse.com.vn/pic/product/images/Artboard%205(49).jpg,Active
01395211-1,https://sunhouse.com.vn/dien-gia-dung/may-xay-sinh-to/may-xay-sinh-to-da-nang-sunhouse-shd5114.html,1,https://sunhouse.com.vn/pic/product/images/KV-XAY%20VAT%20EP(5).png,Active
01395211-1,https://sunhouse.com.vn/dien-gia-dung/may-xay-sinh-to/may-xay-sinh-to-da-nang-sunhouse-shd5114.html,2,https://sunhouse.com.vn/pic/general/images/500x600.jpg,Active
01395211-1,https://sunhouse.com.vn/dien-gia-dung/may-xay-sinh-to/may-xay-sinh-to-da-nang-sunhouse-shd5114.html,3,https://sunhouse.com.vn/pic/general/images/1000x670_1(8).jpg,Active
01395211-1,https://sunhouse.com.vn/dien-gia-dung/may-xay-sinh-to/may-xay-sinh-to-da-nang-sunhouse-shd5114.html,4,https://sunhouse.com.vn/pic/general/images/1000x670_2(10).jpg,Active
01395211-1,https://sunhouse.com.vn/dien-gia-dung/may-xay-sinh-to/may-xay-sinh-to-da-nang-sunhouse-shd5114.html,5,https://sunhouse.com.vn/pic/general/images/1000x670_3(11).jpg,Active
01395211-1,https://sunhouse.com.vn/dien-gia-dung/may-xay-sinh-to/may-xay-sinh-to-da-nang-sunhouse-shd5114.html,6,https://sunhouse.com.vn/pic/general/images/1000x670_4(10).jpg,Active
01395211-1,https://sunhouse.com.vn/dien-gia-dung/may-xay-sinh-to/may-xay-sinh-to-da-nang-sunhouse-shd5114.html,7,https://sunhouse.com.vn/pic/general/images/1000x670_5(6).jpg,Active
00449557-1,https://sunhouse.com.vn/dien-gia-dung/bep-hong-ngoai/sunhouse-shd6011.html,1,https://sunhouse.com.vn/pic/product/images/128_bep_hong_ngoai_co_sunhouse_shd6011_001.jpg,Active
00449557-1,https://sunhouse.com.vn/dien-gia-dung/bep-hong-ngoai/sunhouse-shd6011.html,2,https://sunhouse.com.vn/pic/product/images/bep-hong-ngoai-sunhouse-shd6011_09.jpg,Active
00449557-1,https://sunhouse.com.vn/dien-gia-dung/bep-hong-ngoai/sunhouse-shd6011.html,3,https://sunhouse.com.vn/pic/product/images/bep-hong-ngoai-sunhouse-shd6011_08.jpg,Active
00449557-1,https://sunhouse.com.vn/dien-gia-dung/bep-hong-ngoai/sunhouse-shd6011.html,4,https://sunhouse.com.vn/pic/product/images/bep-hong-ngoai-sunhouse-shd6011_010.jpg,Active
00449557-1,https://sunhouse.com.vn/dien-gia-dung/bep-hong-ngoai/sunhouse-shd6011.html,5,https://sunhouse.com.vn/pic/product/images/bep-hong-ngoai-sunhouse-shd6011_011.jpg,Active
00449557-1,https://sunhouse.com.vn/dien-gia-dung/bep-hong-ngoai/sunhouse-shd6011.html,6,https://sunhouse.com.vn/pic/product/images/bep-hong-ngoai-sunhouse-shd6011_012.jpg,Active
00393624-1,https://sunhouse.com.vn/dien-gia-dung/am-sieu-toc/sunhouse-shd1217.html,1,https://sunhouse.com.vn/pic/product/images/am-sieu-toc-sunhouse-shd1217_002.png,Active
00393624-1,https://sunhouse.com.vn/dien-gia-dung/am-sieu-toc/sunhouse-shd1217.html,2,https://sunhouse.com.vn/pic/product/images/image-20191009103922-1.jpeg,Active
00393624-1,https://sunhouse.com.vn/dien-gia-dung/am-sieu-toc/sunhouse-shd1217.html,3,https://sunhouse.com.vn/pic/product/images/image-20191009103922-2.jpeg,Active
00393624-1,https://sunhouse.com.vn/dien-gia-dung/am-sieu-toc/sunhouse-shd1217.html,4,https://sunhouse.com.vn/pic/product/images/image-20191009103922-3.jpeg,Active
00393624-1,https://sunhouse.com.vn/dien-gia-dung/am-sieu-toc/sunhouse-shd1217.html,5,https://sunhouse.com.vn/pic/product/images/image-20191009103953-4.jpeg,Active
00393624-1,https://sunhouse.com.vn/dien-gia-dung/am-sieu-toc/sunhouse-shd1217.html,6,https://sunhouse.com.vn/pic/product/images/image-20191009103953-5.jpeg,Active
02040326-1,https://sunhouse.com.vn/dien-gia-dung/noi-com-dien/sunhouse-shd8603.html,1,https://sunhouse.com.vn/pic/product/images/image-20200824105731-1.jpeg,Active
02040326-1,https://sunhouse.com.vn/dien-gia-dung/noi-com-dien/sunhouse-shd8603.html,2,https://sunhouse.com.vn/pic/product/images/image-20200824105755-2.jpeg,Active
02040326-1,https://sunhouse.com.vn/dien-gia-dung/noi-com-dien/sunhouse-shd8603.html,3,https://sunhouse.com.vn/pic/product/images/image-20200824105755-3.jpeg,Active
02040326-1,https://sunhouse.com.vn/dien-gia-dung/noi-com-dien/sunhouse-shd8603.html,4,https://sunhouse.com.vn/pic/product/images/image-20200824105755-4.jpeg,Active
02040326-1,https://sunhouse.com.vn/dien-gia-dung/noi-com-dien/sunhouse-shd8603.html,5,https://sunhouse.com.vn/pic/product/images/image-20200824105804-5.jpeg,Active
02040326-1,https://sunhouse.com.vn/dien-gia-dung/noi-com-dien/sunhouse-shd8603.html,6,https://sunhouse.com.vn/pic/product/images/image-20200824105805-6.jpeg,Active
02099497-1,https://sunhouse.com.vn/dien-gia-dung/quat-dung/quat-dung-tuan-hoan-khong-khi-sunhouse-apex-apf7321g.html,1,https://sunhouse.com.vn/pic/product/images/AB1(13).png,Active
02099497-1,https://sunhouse.com.vn/dien-gia-dung/quat-dung/quat-dung-tuan-hoan-khong-khi-sunhouse-apex-apf7321g.html,2,https://sunhouse.com.vn/pic/product/images/AB7(3).png,Active
02099497-1,https://sunhouse.com.vn/dien-gia-dung/quat-dung/quat-dung-tuan-hoan-khong-khi-sunhouse-apex-apf7321g.html,3,https://sunhouse.com.vn/pic/product/images/AB2(18).png,Active
02099497-1,https://sunhouse.com.vn/dien-gia-dung/quat-dung/quat-dung-tuan-hoan-khong-khi-sunhouse-apex-apf7321g.html,4,https://sunhouse.com.vn/pic/product/images/AB3(15).png,Active
02099497-1,https://sunhouse.com.vn/dien-gia-dung/quat-dung/quat-dung-tuan-hoan-khong-khi-sunhouse-apex-apf7321g.html,5,https://sunhouse.com.vn/pic/product/images/AB6(10).png,Active
02099497-1,https://sunhouse.com.vn/dien-gia-dung/quat-dung/quat-dung-tuan-hoan-khong-khi-sunhouse-apex-apf7321g.html,6,https://sunhouse.com.vn/pic/product/images/AB4(16).png,Active
02099497-1,https://sunhouse.com.vn/dien-gia-dung/quat-dung/quat-dung-tuan-hoan-khong-khi-sunhouse-apex-apf7321g.html,7,https://sunhouse.com.vn/pic/product/images/AB5(11).png,Active
00809346-1,https://sunhouse.com.vn/dien-gia-dung/noi-com-dien/sunhouse-shd8217w.html,1,https://sunhouse.com.vn/pic/product/images/image(500).png,Active
00809346-1,https://sunhouse.com.vn/dien-gia-dung/noi-com-dien/sunhouse-shd8217w.html,2,https://sunhouse.com.vn/pic/product/images/7(77).jpg,Active
00809346-1,https://sunhouse.com.vn/dien-gia-dung/noi-com-dien/sunhouse-shd8217w.html,3,https://sunhouse.com.vn/pic/product/images/2(149).jpg,Active
00809346-1,https://sunhouse.com.vn/dien-gia-dung/noi-com-dien/sunhouse-shd8217w.html,4,https://sunhouse.com.vn/pic/product/images/3(151).jpg,Active
00809346-1,https://sunhouse.com.vn/dien-gia-dung/noi-com-dien/sunhouse-shd8217w.html,5,https://sunhouse.com.vn/pic/product/images/4(141).jpg,Active
00809346-1,https://sunhouse.com.vn/dien-gia-dung/noi-com-dien/sunhouse-shd8217w.html,6,https://sunhouse.com.vn/pic/product/images/5(125).jpg,Active
00809346-1,https://sunhouse.com.vn/dien-gia-dung/noi-com-dien/sunhouse-shd8217w.html,7,https://sunhouse.com.vn/pic/product/images/6(114).jpg,Active
02069536-1,https://sunhouse.com.vn/dien-gia-dung/may-vat-cam/may-vat-cam-sunhouse-shd5510.html,1,https://sunhouse.com.vn/pic/product/images/KV-XAY%20VAT%20EP(27).png,Active
02069536-1,https://sunhouse.com.vn/dien-gia-dung/may-vat-cam/may-vat-cam-sunhouse-shd5510.html,2,https://sunhouse.com.vn/pic/product/images/1000x670_6(18).jpg,Active
02069536-1,https://sunhouse.com.vn/dien-gia-dung/may-vat-cam/may-vat-cam-sunhouse-shd5510.html,3,https://sunhouse.com.vn/pic/product/images/1000x670_7(15).jpg,Active
02069536-1,https://sunhouse.com.vn/dien-gia-dung/may-vat-cam/may-vat-cam-sunhouse-shd5510.html,4,https://sunhouse.com.vn/pic/product/images/1000x670_4(25).jpg,Active
02069536-1,https://sunhouse.com.vn/dien-gia-dung/may-vat-cam/may-vat-cam-sunhouse-shd5510.html,5,https://sunhouse.com.vn/pic/product/images/1000x670_5(22).jpg,Active
02069536-1,https://sunhouse.com.vn/dien-gia-dung/may-vat-cam/may-vat-cam-sunhouse-shd5510.html,6,https://sunhouse.com.vn/pic/product/images/1000x670_8(10).jpg,Active
01022511-1,https://sunhouse.com.vn/dien-gia-dung/noi-chien-khong-dau/sunhouse-shd4026.html,1,https://sunhouse.com.vn/pic/product/images/Banner-NCKD(23).jpg,Active
01022511-1,https://sunhouse.com.vn/dien-gia-dung/noi-chien-khong-dau/sunhouse-shd4026.html,2,https://sunhouse.com.vn/pic/product/images/image-20210331134916-1.jpeg,Active
01022511-1,https://sunhouse.com.vn/dien-gia-dung/noi-chien-khong-dau/sunhouse-shd4026.html,3,https://sunhouse.com.vn/pic/product/images/image-20210331134936-2.jpeg,Active
01022511-1,https://sunhouse.com.vn/dien-gia-dung/noi-chien-khong-dau/sunhouse-shd4026.html,4,https://sunhouse.com.vn/pic/product/images/image-20210331134936-3.jpeg,Active
01022511-1,https://sunhouse.com.vn/dien-gia-dung/noi-chien-khong-dau/sunhouse-shd4026.html,5,https://sunhouse.com.vn/pic/product/images/image-20210331134936-4.jpeg,Active
01022511-1,https://sunhouse.com.vn/dien-gia-dung/noi-chien-khong-dau/sunhouse-shd4026.html,6,https://sunhouse.com.vn/pic/product/images/image-20210331134943-6.jpeg,Active
01022511-1,https://sunhouse.com.vn/dien-gia-dung/noi-chien-khong-dau/sunhouse-shd4026.html,7,https://sunhouse.com.vn/pic/product/images/image-20210331134943-7.jpeg,Active
01022511-1,https://sunhouse.com.vn/dien-gia-dung/noi-chien-khong-dau/sunhouse-shd4026.html,8,https://sunhouse.com.vn/pic/product/images/image-20210331134943-8.jpeg,Active
01022511-1,https://sunhouse.com.vn/dien-gia-dung/noi-chien-khong-dau/sunhouse-shd4026.html,9,https://sunhouse.com.vn/pic/product/images/image-20210331134943-9.jpeg,Active
00770930-1,https://sunhouse.com.vn/dien-gia-dung/noi-com-dien/sunhouse-shd8208c.html,1,https://sunhouse.com.vn/pic/product/images/noi-com-dien-sunhouse-shd8208_002.png,Active
00770930-1,https://sunhouse.com.vn/dien-gia-dung/noi-com-dien/sunhouse-shd8208c.html,2,https://sunhouse.com.vn/pic/product/images/7(89).jpg,Active
00770930-1,https://sunhouse.com.vn/dien-gia-dung/noi-com-dien/sunhouse-shd8208c.html,3,https://sunhouse.com.vn/pic/product/images/1(165).jpg,Active
00770930-1,https://sunhouse.com.vn/dien-gia-dung/noi-com-dien/sunhouse-shd8208c.html,4,https://sunhouse.com.vn/pic/product/images/2(163).jpg,Active
00770930-1,https://sunhouse.com.vn/dien-gia-dung/noi-com-dien/sunhouse-shd8208c.html,5,https://sunhouse.com.vn/pic/product/images/3(165).jpg,Active
00770930-1,https://sunhouse.com.vn/dien-gia-dung/noi-com-dien/sunhouse-shd8208c.html,6,https://sunhouse.com.vn/pic/general/images/5(9).jpg,Active
00770930-1,https://sunhouse.com.vn/dien-gia-dung/noi-com-dien/sunhouse-shd8208c.html,7,https://sunhouse.com.vn/pic/product/images/4(154).jpg,Active
00770930-1,https://sunhouse.com.vn/dien-gia-dung/noi-com-dien/sunhouse-shd8208c.html,8,https://sunhouse.com.vn/pic/product/images/6(127).jpg,Active
00967494-1,https://sunhouse.com.vn/dien-gia-dung/may-say-toc/sunhouse-shd2306.html,1,https://sunhouse.com.vn/pic/product/images/may_say_toc_sunhouse_shd2306_001.jpg,Active
00967494-1,https://sunhouse.com.vn/dien-gia-dung/may-say-toc/sunhouse-shd2306.html,2,https://sunhouse.com.vn/pic/product/images/image-20191009103454-1.jpeg,Active
00967494-1,https://sunhouse.com.vn/dien-gia-dung/may-say-toc/sunhouse-shd2306.html,3,https://sunhouse.com.vn/pic/product/images/image-20191009103454-2.jpeg,Active
00967494-1,https://sunhouse.com.vn/dien-gia-dung/may-say-toc/sunhouse-shd2306.html,4,https://sunhouse.com.vn/pic/product/images/image-20191009103515-3.jpeg,Active
00967494-1,https://sunhouse.com.vn/dien-gia-dung/may-say-toc/sunhouse-shd2306.html,5,https://sunhouse.com.vn/pic/product/images/image-20191009103515-4.jpeg,Active
00967494-1,https://sunhouse.com.vn/dien-gia-dung/may-say-toc/sunhouse-shd2306.html,6,https://sunhouse.com.vn/pic/product/images/image-20191009103515-5.jpeg,Active
00423335-1,https://sunhouse.com.vn/dien-gia-dung/ban-la/sunhouse-shd1072.html,1,https://sunhouse.com.vn/pic/product/images/image-20200521151202-1.jpeg,Active
00423335-1,https://sunhouse.com.vn/dien-gia-dung/ban-la/sunhouse-shd1072.html,2,https://sunhouse.com.vn/pic/product/images/image-20200521151202-2.jpeg,Active
00423335-1,https://sunhouse.com.vn/dien-gia-dung/ban-la/sunhouse-shd1072.html,3,https://sunhouse.com.vn/pic/product/images/image-20200521151220-3.jpeg,Active
00423335-1,https://sunhouse.com.vn/dien-gia-dung/ban-la/sunhouse-shd1072.html,4,https://sunhouse.com.vn/pic/product/images/image-20200521151220-4.jpeg,Active
00423335-1,https://sunhouse.com.vn/dien-gia-dung/ban-la/sunhouse-shd1072.html,5,https://sunhouse.com.vn/pic/product/images/image-20200521151220-5.jpeg,Active
00423335-1,https://sunhouse.com.vn/dien-gia-dung/ban-la/sunhouse-shd1072.html,6,https://sunhouse.com.vn/pic/product/images/image-20200521151231-6.jpeg,Active
00423335-1,https://sunhouse.com.vn/dien-gia-dung/ban-la/sunhouse-shd1072.html,7,https://sunhouse.com.vn/pic/product/images/image-20200521151231-7.jpeg,Active
01190113-1,https://sunhouse.com.vn/dien-gia-dung/noi-lau-dien/lau-dien-sunhouse-shd4523.html,1,https://sunhouse.com.vn/pic/product/images/image-20211109091130-1.jpeg,Active
01190113-1,https://sunhouse.com.vn/dien-gia-dung/noi-lau-dien/lau-dien-sunhouse-shd4523.html,2,https://sunhouse.com.vn/pic/product/images/image-20211109091152-2.jpeg,Active
01190113-1,https://sunhouse.com.vn/dien-gia-dung/noi-lau-dien/lau-dien-sunhouse-shd4523.html,3,https://sunhouse.com.vn/pic/product/images/image-20211109091152-3.jpeg,Active
01190113-1,https://sunhouse.com.vn/dien-gia-dung/noi-lau-dien/lau-dien-sunhouse-shd4523.html,4,https://sunhouse.com.vn/pic/product/images/image-20211109091221-4.jpeg,Active
01190113-1,https://sunhouse.com.vn/dien-gia-dung/noi-lau-dien/lau-dien-sunhouse-shd4523.html,5,https://sunhouse.com.vn/pic/product/images/image-20211109091221-5.jpeg,Active
01190113-1,https://sunhouse.com.vn/dien-gia-dung/noi-lau-dien/lau-dien-sunhouse-shd4523.html,6,https://sunhouse.com.vn/pic/product/images/image-20211109091221-6.jpeg,Active
02097938-1,https://daewoovina.com/may-xay-cam-tay-daewoo-dwbl-4515-450ml-ly-xay-trai-cay-thong-minh-nho-gon-tien-loi,1,https://bizweb.dktcdn.net/100/500/389/files/ly-xay-sinh-to-dwbl-45154.jpg?v=1755143731711,Active
02097938-1,https://daewoovina.com/may-xay-cam-tay-daewoo-dwbl-4515-450ml-ly-xay-trai-cay-thong-minh-nho-gon-tien-loi,2,https://bizweb.dktcdn.net/100/500/389/files/ly-xay-sinh-to-dwbl-45152.jpg?v=1755143732706,Active
02097938-1,https://daewoovina.com/may-xay-cam-tay-daewoo-dwbl-4515-450ml-ly-xay-trai-cay-thong-minh-nho-gon-tien-loi,3,https://bizweb.dktcdn.net/100/500/389/files/ly-xay-sinh-to-dwbl-45156.jpg?v=1755143733448,Active
02097938-1,https://daewoovina.com/may-xay-cam-tay-daewoo-dwbl-4515-450ml-ly-xay-trai-cay-thong-minh-nho-gon-tien-loi,4,https://bizweb.dktcdn.net/100/500/389/files/ly-xay-sinh-to-dwbl-45155.jpg?v=1755143734312,Active
02097938-1,https://daewoovina.com/may-xay-cam-tay-daewoo-dwbl-4515-450ml-ly-xay-trai-cay-thong-minh-nho-gon-tien-loi,5,https://bizweb.dktcdn.net/100/500/389/files/ly-xay-sinh-to-dwbl-45157.jpg?v=1755143735040,Active
02097938-1,https://daewoovina.com/may-xay-cam-tay-daewoo-dwbl-4515-450ml-ly-xay-trai-cay-thong-minh-nho-gon-tien-loi,6,https://bizweb.dktcdn.net/100/500/389/files/ly-xay-sinh-to-dwbl-45151.jpg?v=1755143735545,Active
02097938-1,https://daewoovina.com/may-xay-cam-tay-daewoo-dwbl-4515-450ml-ly-xay-trai-cay-thong-minh-nho-gon-tien-loi,7,https://bizweb.dktcdn.net/100/500/389/files/ly-xay-sinh-to-dwbl-45159.jpg?v=1755143737284,Active
02097938-1,https://daewoovina.com/may-xay-cam-tay-daewoo-dwbl-4515-450ml-ly-xay-trai-cay-thong-minh-nho-gon-tien-loi,8,https://bizweb.dktcdn.net/100/500/389/files/ly-xay-sinh-to-dwbl-45158.jpg?v=1755143738123,Active
02097939-1,https://daewoovina.com/ly-xay-cam-tay-daewoo-dwbl-3424-340ml-ly-xay-sinh-to-trai-cay-mini-tien-loi-manh-me,1,https://bizweb.dktcdn.net/100/500/389/files/ly-xay-sinh-to-dwbl-34247.png?v=1755139620007,Active
02097939-1,https://daewoovina.com/ly-xay-cam-tay-daewoo-dwbl-3424-340ml-ly-xay-sinh-to-trai-cay-mini-tien-loi-manh-me,2,https://bizweb.dktcdn.net/100/500/389/files/ly-xay-sinh-to-dwbl-34248.png?v=1755139621321,Active
02097939-1,https://daewoovina.com/ly-xay-cam-tay-daewoo-dwbl-3424-340ml-ly-xay-sinh-to-trai-cay-mini-tien-loi-manh-me,3,https://bizweb.dktcdn.net/100/500/389/files/ly-xay-sinh-to-dwbl-342410.png?v=1755139623065,Active
02097939-1,https://daewoovina.com/ly-xay-cam-tay-daewoo-dwbl-3424-340ml-ly-xay-sinh-to-trai-cay-mini-tien-loi-manh-me,4,https://bizweb.dktcdn.net/100/500/389/files/ly-xay-sinh-to-dwbl-34245.png?v=1755139624493,Active
02097939-1,https://daewoovina.com/ly-xay-cam-tay-daewoo-dwbl-3424-340ml-ly-xay-sinh-to-trai-cay-mini-tien-loi-manh-me,5,https://bizweb.dktcdn.net/100/500/389/files/ly-xay-sinh-to-dwbl-34243.png?v=1755139625794,Active
02097939-1,https://daewoovina.com/ly-xay-cam-tay-daewoo-dwbl-3424-340ml-ly-xay-sinh-to-trai-cay-mini-tien-loi-manh-me,6,https://bizweb.dktcdn.net/100/500/389/files/ly-xay-sinh-to-dwbl-34246.png?v=1755139627742,Active
02097939-1,https://daewoovina.com/ly-xay-cam-tay-daewoo-dwbl-3424-340ml-ly-xay-sinh-to-trai-cay-mini-tien-loi-manh-me,7,https://bizweb.dktcdn.net/100/500/389/files/ly-xay-sinh-to-dwbl-34249.png?v=1755139629461,Active
02097939-1,https://daewoovina.com/ly-xay-cam-tay-daewoo-dwbl-3424-340ml-ly-xay-sinh-to-trai-cay-mini-tien-loi-manh-me,8,https://bizweb.dktcdn.net/100/500/389/files/ly-xay-sinh-to-dwbl-34244.png?v=1755139630776,Active
02090445-1,https://daewoovina.com/may-lam-sua-hat-daewoo-1-2l-tang-cam-nang-50-cong-thuc-may-xay-nau-da-nang-bh-2-nam,1,https://cf.shopee.vn/file/vn-11134208-7ra0g-m6eyid6ppge0fe,Active
02090445-1,https://daewoovina.com/may-lam-sua-hat-daewoo-1-2l-tang-cam-nang-50-cong-thuc-may-xay-nau-da-nang-bh-2-nam,2,https://cf.shopee.vn/file/vn-11134208-7ra0g-m6eyid6pquyg30,Active
02090445-1,https://daewoovina.com/may-lam-sua-hat-daewoo-1-2l-tang-cam-nang-50-cong-thuc-may-xay-nau-da-nang-bh-2-nam,3,https://cf.shopee.vn/file/vn-11134208-7ra0g-m6eyid6ps9iw17,Active
02090445-1,https://daewoovina.com/may-lam-sua-hat-daewoo-1-2l-tang-cam-nang-50-cong-thuc-may-xay-nau-da-nang-bh-2-nam,4,https://cf.shopee.vn/file/vn-11134208-7ra0g-m6eyid6pto3ca8,Active
02090445-1,https://daewoovina.com/may-lam-sua-hat-daewoo-1-2l-tang-cam-nang-50-cong-thuc-may-xay-nau-da-nang-bh-2-nam,5,https://cf.shopee.vn/file/vn-11134208-7ra0g-m6eyid6pv2ns04,Active
02090445-1,https://daewoovina.com/may-lam-sua-hat-daewoo-1-2l-tang-cam-nang-50-cong-thuc-may-xay-nau-da-nang-bh-2-nam,6,https://cf.shopee.vn/file/vn-11134208-7ra0g-m6eyid6pwh8814,Active
02090445-1,https://daewoovina.com/may-lam-sua-hat-daewoo-1-2l-tang-cam-nang-50-cong-thuc-may-xay-nau-da-nang-bh-2-nam,7,https://cf.shopee.vn/file/vn-11134208-7ra0g-m6eyid6pxvsofe,Active
02090445-1,https://daewoovina.com/may-lam-sua-hat-daewoo-1-2l-tang-cam-nang-50-cong-thuc-may-xay-nau-da-nang-bh-2-nam,8,https://cf.shopee.vn/file/vn-11134208-7ra0g-m6eyid6pzad487,Active
02090445-1,https://daewoovina.com/may-lam-sua-hat-daewoo-1-2l-tang-cam-nang-50-cong-thuc-may-xay-nau-da-nang-bh-2-nam,9,https://cf.shopee.vn/file/vn-11134208-7ra0g-m6eyid6q0oxk3d,Active
02079043-1,https://daewoovina.com/bep-tu-don-daewoo-dwi-1505b,1,https://down-vn.img.susercontent.com/file/vn-11134208-7ras8-m31x1yv8kp8a3b,Active
02079043-1,https://daewoovina.com/bep-tu-don-daewoo-dwi-1505b,2,https://down-vn.img.susercontent.com/file/vn-11134208-7ras8-m31x1yv8824aa4,Active
02079043-1,https://daewoovina.com/bep-tu-don-daewoo-dwi-1505b,3,https://down-vn.img.susercontent.com/file/vn-11134208-7ras8-m31x1yv89goq4c,Active
02079043-1,https://daewoovina.com/bep-tu-don-daewoo-dwi-1505b,4,https://down-vn.img.susercontent.com/file/vn-11134208-7ras8-m31x1yv8av96a9,Active
02079043-1,https://daewoovina.com/bep-tu-don-daewoo-dwi-1505b,5,https://down-vn.img.susercontent.com/file/vn-11134208-7ras8-m31x1yv8c9tm15,Active
02079043-1,https://daewoovina.com/bep-tu-don-daewoo-dwi-1505b,6,https://down-vn.img.susercontent.com/file/vn-11134208-7ras8-m31x1yv8f2yi28,Active
02079043-1,https://daewoovina.com/bep-tu-don-daewoo-dwi-1505b,7,https://down-vn.img.susercontent.com/file/vn-11134208-7ras8-m31x1yv8ghiy6a,Active
02079043-1,https://daewoovina.com/bep-tu-don-daewoo-dwi-1505b,8,https://bizweb.dktcdn.net/100/500/389/files/bep_tu_on_dwi_-_1505b_1000_x_1000_px_.jpg?v=1778136275394,Active
02079305-1,https://orrohome.vn/noi-com-dien-cao-tan-aqua-aqs-rih401r-w-vn-1,1,https://bizweb.dktcdn.net/100/404/535/products/hinh-anh-up-web-tu-chu-1.png?v=1741933975850,Active
02079305-1,https://orrohome.vn/noi-com-dien-cao-tan-aqua-aqs-rih401r-w-vn-1,2,https://bizweb.dktcdn.net/100/404/535/products/hinh-anh-up-web-tu-chu-2.png?v=1741933976750,Active
02079305-1,https://orrohome.vn/noi-com-dien-cao-tan-aqua-aqs-rih401r-w-vn-1,3,https://bizweb.dktcdn.net/100/404/535/products/hinh-anh-up-web-tu-chu-3.png?v=1741933977650,Active
02079305-1,https://orrohome.vn/noi-com-dien-cao-tan-aqua-aqs-rih401r-w-vn-1,4,https://bizweb.dktcdn.net/100/404/535/products/hinh-anh-up-web-tu-chu-4.png?v=1741933978653,Active
02079305-1,https://orrohome.vn/noi-com-dien-cao-tan-aqua-aqs-rih401r-w-vn-1,5,https://bizweb.dktcdn.net/100/404/535/products/hinh-anh-up-web-tu-chu-5.png?v=1741933980060,Active
02079305-1,https://orrohome.vn/noi-com-dien-cao-tan-aqua-aqs-rih401r-w-vn-1,6,https://bizweb.dktcdn.net/100/404/535/products/hinh-anh-up-web-tu-chu-6.png?v=1741933980980,Active
02098849-1,https://orrohome.vn/quat-dung-aqua-aqs-fed3501r-w-vn,1,https://bizweb.dktcdn.net/100/404/535/products/02-s-7f656364-f34e-4aca-851b-e2071c085ff5.jpg?v=1730191770357,Active
02098849-1,https://orrohome.vn/quat-dung-aqua-aqs-fed3501r-w-vn,2,https://bizweb.dktcdn.net/100/404/535/products/4-c4e9db59-3c95-4a24-84a9-0b5c3dcaffdd.png?v=1730259701467,Active
02098849-1,https://orrohome.vn/quat-dung-aqua-aqs-fed3501r-w-vn,3,https://bizweb.dktcdn.net/100/404/535/products/03-s-feeb0ede-b0b5-4ca2-a068-1cb1bfc1efa0.jpg?v=1730191778543,Active
02098849-1,https://orrohome.vn/quat-dung-aqua-aqs-fed3501r-w-vn,4,https://bizweb.dktcdn.net/100/404/535/products/05-s-babf7d0f-f9f6-4406-85d3-1fd1d59dfd1f.jpg?v=1730191825630,Active
02098849-1,https://orrohome.vn/quat-dung-aqua-aqs-fed3501r-w-vn,5,https://bizweb.dktcdn.net/100/404/535/products/09-s.jpg?v=1730191825630,Active
02098849-1,https://orrohome.vn/quat-dung-aqua-aqs-fed3501r-w-vn,6,https://bizweb.dktcdn.net/100/404/535/products/04-s-34e057cc-67bd-43b7-bcac-b6b1bd5cd0d6.jpg?v=1730191825630,Active
02103535-1,https://orrohome.vn/bep-dien-tu-aqua-aqs-ict2201r-c-vn,1,https://bizweb.dktcdn.net/100/404/535/products/hinh-anh-up-web-tu-chu-37810214-2a6d-4437-8112-a82800834392.png?v=1741936096437,Active
02103535-1,https://orrohome.vn/bep-dien-tu-aqua-aqs-ict2201r-c-vn,2,https://bizweb.dktcdn.net/100/404/535/products/hinh-anh-up-web-tu-chu-4-4e9f9659-095b-4b11-8219-63c6c552e84f.png?v=1741936094613,Active
02103535-1,https://orrohome.vn/bep-dien-tu-aqua-aqs-ict2201r-c-vn,3,https://bizweb.dktcdn.net/100/404/535/products/hinh-anh-up-web-tu-chu-2-229ca0bd-f1ec-4b82-9138-651f8cd056c4.png?v=1741936091950,Active
02103535-1,https://orrohome.vn/bep-dien-tu-aqua-aqs-ict2201r-c-vn,4,https://bizweb.dktcdn.net/100/404/535/products/hinh-anh-up-web-tu-chu-3-289140a8-9136-4d0a-91a0-1519221198c6.png?v=1741936093290,Active
02103535-1,https://orrohome.vn/bep-dien-tu-aqua-aqs-ict2201r-c-vn,5,https://bizweb.dktcdn.net/100/404/535/products/hinh-anh-up-web-tu-chu-5-64976d84-1e27-4764-9790-29e6b10d5873.png?v=1741936095407,Active
02079302-1,https://flycovietnam.vn/may-say-toc-coclear-ch6613,1,https://bizweb.dktcdn.net/100/519/559/products/1-b2091e41-9459-4c79-9ee0-3c1e558c2923.jpg?v=1719211349207,Active
02079302-1,https://flycovietnam.vn/may-say-toc-coclear-ch6613,2,https://bizweb.dktcdn.net/100/519/559/products/2-ebc7b465-2f04-433c-807e-da201512a045.jpg?v=1719211349207,Active
02079302-1,https://flycovietnam.vn/may-say-toc-coclear-ch6613,3,https://bizweb.dktcdn.net/100/519/559/products/3-79cbcb95-a408-4171-b071-79814a3094af.jpg?v=1719211349207,Active
02079302-1,https://flycovietnam.vn/may-say-toc-coclear-ch6613,4,https://bizweb.dktcdn.net/100/519/559/products/4-a726f83b-7178-49e8-957a-ddefb21b1b47.jpg?v=1719211349207,Active
02079302-1,https://flycovietnam.vn/may-say-toc-coclear-ch6613,5,https://bizweb.dktcdn.net/100/519/559/products/5-9214d9cf-cd5a-43b3-875c-7cfdb02fb2ff.jpg?v=1719211349207,Active
02097957-1,https://cellphones.com.vn/may-cao-rau-coclear-hs208.html,1,https://cdn2.cellphones.com.vn/insecure/rs:fill:0:0/q:100/plain/https://cellphones.com.vn/media/wysiwyg/Do-gia-dung/May-cao-rau/Coclear/may-cao-rau-coclear-hs208-1.jpg,Active
02097957-1,https://cellphones.com.vn/may-cao-rau-coclear-hs208.html,2,https://cdn2.cellphones.com.vn/insecure/rs:fill:0:0/q:100/plain/https://cellphones.com.vn/media/wysiwyg/Do-gia-dung/May-cao-rau/Coclear/may-cao-rau-coclear-hs208-2.jpg,Active
02097957-1,https://cellphones.com.vn/may-cao-rau-coclear-hs208.html,3,https://cdn2.cellphones.com.vn/insecure/rs:fill:0:0/q:100/plain/https://cellphones.com.vn/media/wysiwyg/Do-gia-dung/May-cao-rau/Coclear/may-cao-rau-coclear-hs208-3.jpg,Active
02079330-1,https://kangaroo.vn/san-pham/bep-tu-don-kangaroo-kgic20s2,1,https://kangaroo.vn/wp-content/uploads/Bep-tu-don-kangaroo-kgic20s2.jpg,Active
02079330-1,https://kangaroo.vn/san-pham/bep-tu-don-kangaroo-kgic20s2,2,https://kangaroo.vn/wp-content/uploads/Bep-tu-don-kangaroo-kgic20s2-2.jpg,Active
02079330-1,https://kangaroo.vn/san-pham/bep-tu-don-kangaroo-kgic20s2,3,https://kangaroo.vn/wp-content/uploads/Bep-tu-don-kangaroo-kgic20s2-3.jpg,Active
02078211-1,https://kangaroo.vn/san-pham/noi-com-dien-kangaroo-kgrc10m1be,1,https://kangaroo.vn/wp-content/uploads/Noi-com-dien-kangaroo-kgrc10m1be.jpg,Active
02078213-1,https://www.dienmayxanh.com/noi-com-dien/noi-com-nap-gai-kangaroo-1-2-lit-kgrc12m3?srsltid=AfmBOoom2Llocesz6mwzKqzuurGfvntD1jpRT0rsnE3wyqWZhzBxCSup,1,https://cdnv2.tgdd.vn/mwg-static/dmx/Products/Images/1922/337252/noi-com-nap-gai-kangaroo-1-2-lit-kgrc12m3-7-638810202711285183.jpg,Active
02078213-1,https://www.dienmayxanh.com/noi-com-dien/noi-com-nap-gai-kangaroo-1-2-lit-kgrc12m3?srsltid=AfmBOoom2Llocesz6mwzKqzuurGfvntD1jpRT0rsnE3wyqWZhzBxCSup,2,https://cdnv2.tgdd.vn/mwg-static/dmx/Products/Images/1922/337252/noi-com-nap-gai-kangaroo-1-2-lit-kgrc12m3-5-638810202696367410.jpg,Active
02078213-1,https://www.dienmayxanh.com/noi-com-dien/noi-com-nap-gai-kangaroo-1-2-lit-kgrc12m3?srsltid=AfmBOoom2Llocesz6mwzKqzuurGfvntD1jpRT0rsnE3wyqWZhzBxCSup,3,https://cdnv2.tgdd.vn/mwg-static/dmx/Products/Images/1922/337252/noi-com-nap-gai-kangaroo-1-2-lit-kgrc12m3-2-638810202672104120.jpg,Active
02078213-1,https://www.dienmayxanh.com/noi-com-dien/noi-com-nap-gai-kangaroo-1-2-lit-kgrc12m3?srsltid=AfmBOoom2Llocesz6mwzKqzuurGfvntD1jpRT0rsnE3wyqWZhzBxCSup,4,https://cdnv2.tgdd.vn/mwg-static/dmx/Products/Images/1922/337252/noi-com-nap-gai-kangaroo-1-2-lit-kgrc12m3-9-638810202725330658.jpg,Active
02078213-1,https://www.dienmayxanh.com/noi-com-dien/noi-com-nap-gai-kangaroo-1-2-lit-kgrc12m3?srsltid=AfmBOoom2Llocesz6mwzKqzuurGfvntD1jpRT0rsnE3wyqWZhzBxCSup,5,https://cdnv2.tgdd.vn/mwg-static/dmx/Products/Images/1922/337252/noi-com-nap-gai-kangaroo-1-2-lit-kgrc12m3-4-638810202689765519.jpg,Active
02067980-1,https://www.dienmayxanh.com/quat/quat-dung-kangaroo-6-canh-kgef06sm-90w?srsltid=AfmBOooKIIUMQdClLr4mTYWX50jlZMtsCDUXGRbraycserYWVcLSejmD,1,https://cdnv2.tgdd.vn/mwg-static/dmx/Products/Images/1992/337105/quat-dung-kangaroo-6-canh-kgef06sm-90w-1-638813725983294344.jpg,Active
02067980-1,https://www.dienmayxanh.com/quat/quat-dung-kangaroo-6-canh-kgef06sm-90w?srsltid=AfmBOooKIIUMQdClLr4mTYWX50jlZMtsCDUXGRbraycserYWVcLSejmD,2,https://cdnv2.tgdd.vn/mwg-static/dmx/Products/Images/1992/337105/quat-dung-kangaroo-6-canh-kgef06sm-90w-5-638813725953886570.jpg,Active
02067980-1,https://www.dienmayxanh.com/quat/quat-dung-kangaroo-6-canh-kgef06sm-90w?srsltid=AfmBOooKIIUMQdClLr4mTYWX50jlZMtsCDUXGRbraycserYWVcLSejmD,3,https://cdnv2.tgdd.vn/mwg-static/dmx/Products/Images/1992/337105/quat-dung-kangaroo-6-canh-kgef06sm-90w-6-638813725961287895.jpg,Active
02090449-1,https://mediamart.vn/bep-nuong/bep-nuong-dien-kangaroo-kg20eg1,1,https://mediamart.vn/images/uploads/data-2025/fgh-2Uo36y.jpg,Active
02090449-1,https://mediamart.vn/bep-nuong/bep-nuong-dien-kangaroo-kg20eg1,2,https://mediamart.vn/images/uploads/data-2025/fgh-097u0Q.jpg,Active
02090449-1,https://mediamart.vn/bep-nuong/bep-nuong-dien-kangaroo-kg20eg1,3,https://mediamart.vn/images/uploads/data-2025/fgh-cr13H9.jpg,Active
02104652-1,https://www.dienmayxanh.com/noi-chien-khong-dau/noi-chien-khong-dau-kangaroo-65-lit-kgaf65m1g?srsltid=AfmBOopd86F8pSc35vQfHAuOkwx8VbwJjIPtPJjg2lPbjaG-6DKUemL_,1,https://cdnv2.tgdd.vn/mwg-static/dmx/Products/Images/9418/362925/noi-chien-khong-dau-kangaroo-65-lit-kgaf65m1g-210526-043554-283.jpg,Active
02104652-1,https://www.dienmayxanh.com/noi-chien-khong-dau/noi-chien-khong-dau-kangaroo-65-lit-kgaf65m1g?srsltid=AfmBOopd86F8pSc35vQfHAuOkwx8VbwJjIPtPJjg2lPbjaG-6DKUemL_,2,https://cdnv2.tgdd.vn/mwg-static/dmx/Products/Images/9418/362925/noi-chien-khong-dau-kangaroo-65-lit-kgaf65m1g-210526-043619-711.jpg,Active
02104652-1,https://www.dienmayxanh.com/noi-chien-khong-dau/noi-chien-khong-dau-kangaroo-65-lit-kgaf65m1g?srsltid=AfmBOopd86F8pSc35vQfHAuOkwx8VbwJjIPtPJjg2lPbjaG-6DKUemL_,3,https://cdnv2.tgdd.vn/mwg-static/dmx/Products/Images/9418/362925/noi-chien-khong-dau-kangaroo-65-lit-kgaf65m1g-210526-043641-038.jpg,Active
02104652-1,https://www.dienmayxanh.com/noi-chien-khong-dau/noi-chien-khong-dau-kangaroo-65-lit-kgaf65m1g?srsltid=AfmBOopd86F8pSc35vQfHAuOkwx8VbwJjIPtPJjg2lPbjaG-6DKUemL_,4,https://cdnv2.tgdd.vn/mwg-static/dmx/Products/Images/9418/362925/noi-chien-khong-dau-kangaroo-65-lit-kgaf65m1g-210526-043659-191.jpg,Active
02104652-1,https://www.dienmayxanh.com/noi-chien-khong-dau/noi-chien-khong-dau-kangaroo-65-lit-kgaf65m1g?srsltid=AfmBOopd86F8pSc35vQfHAuOkwx8VbwJjIPtPJjg2lPbjaG-6DKUemL_,5,https://cdnv2.tgdd.vn/mwg-static/dmx/Products/Images/9418/362925/noi-chien-khong-dau-kangaroo-65-lit-kgaf65m1g-210526-043717-193.jpg,Active
02058241-1,https://sunhouse.com.vn/dien-gia-dung/noi-com-dien/noi-com-dien-1-2l-sunhouse-shd8224w.html,1,https://sunhouse.com.vn/pic/product/images/post%20(6).jpg,Active
02058241-1,https://sunhouse.com.vn/dien-gia-dung/noi-com-dien/noi-com-dien-1-2l-sunhouse-shd8224w.html,2,https://sunhouse.com.vn/pic/product/images/post%20%20(5).jpg,Active
02058241-1,https://sunhouse.com.vn/dien-gia-dung/noi-com-dien/noi-com-dien-1-2l-sunhouse-shd8224w.html,3,https://sunhouse.com.vn/pic/product/images/post%20%20(1).jpg,Active
02058241-1,https://sunhouse.com.vn/dien-gia-dung/noi-com-dien/noi-com-dien-1-2l-sunhouse-shd8224w.html,4,https://sunhouse.com.vn/pic/product/images/post%20%20(2).jpg,Active
02058241-1,https://sunhouse.com.vn/dien-gia-dung/noi-com-dien/noi-com-dien-1-2l-sunhouse-shd8224w.html,5,https://sunhouse.com.vn/pic/product/images/post%20%20(4).jpg,Active
02058241-1,https://sunhouse.com.vn/dien-gia-dung/noi-com-dien/noi-com-dien-1-2l-sunhouse-shd8224w.html,6,https://sunhouse.com.vn/pic/product/images/post%20%20(3).jpg,Active
02040470-1,https://bearvietnam.vn/noi-bear/noi-nau-cham/0-8lit/ddz-a08t8.html,1,https://bearvietnam.vn/wp-content/uploads/2025/07/noi-nau-cham-bear-0-8l-ddz-a08t8-4.jpg,Active
02040470-1,https://bearvietnam.vn/noi-bear/noi-nau-cham/0-8lit/ddz-a08t8.html,2,https://bearvietnam.vn/wp-content/uploads/2025/07/noi-nau-cham-bear-0-8l-ddz-a08t8-6.jpg,Active
02040470-1,https://bearvietnam.vn/noi-bear/noi-nau-cham/0-8lit/ddz-a08t8.html,3,https://bearvietnam.vn/wp-content/uploads/2025/07/noi-nau-cham-bear-0-8l-ddz-a08t8-3.jpg,Active
02040470-1,https://bearvietnam.vn/noi-bear/noi-nau-cham/0-8lit/ddz-a08t8.html,4,https://bearvietnam.vn/wp-content/uploads/2025/07/noi-nau-cham-bear-0-8l-ddz-a08t8-5.jpg,Active
02040470-1,https://bearvietnam.vn/noi-bear/noi-nau-cham/0-8lit/ddz-a08t8.html,5,https://bearvietnam.vn/wp-content/uploads/2025/07/noi-nau-cham-bear-0-8l-ddz-a08t8-8.jpg,Active
02040470-1,https://bearvietnam.vn/noi-bear/noi-nau-cham/0-8lit/ddz-a08t8.html,6,https://bearvietnam.vn/wp-content/uploads/2025/07/noi-nau-cham-bear-0-8l-ddz-a08t8-11.jpg,Active
02040470-1,https://bearvietnam.vn/noi-bear/noi-nau-cham/0-8lit/ddz-a08t8.html,7,https://bearvietnam.vn/wp-content/uploads/2025/07/noi-nau-cham-bear-0-8l-ddz-a08t8-15.png,Active
02040470-1,https://bearvietnam.vn/noi-bear/noi-nau-cham/0-8lit/ddz-a08t8.html,8,https://bearvietnam.vn/wp-content/uploads/2025/07/noi-nau-cham-bear-0-8l-ddz-a08t8-16.png,Active
02101610-1,https://joyoungofficial.com/products/noi-chien-khong-dau-joyoung-jaf-612,1,https://cdn.hstatic.net/products/200000935481/joyoung_thumb77_web-10_6ddddcda77b64472a20c555f301777ce_da5984c16f164d469a7fe1bf4dd5ec56_master.jpg,Active
02101610-1,https://joyoungofficial.com/products/noi-chien-khong-dau-joyoung-jaf-612,2,https://cdn.hstatic.net/products/200000935481/20260704-123331_19d71440b7b94a649b6bec64c59c60cb_master.jpeg,Active
02101610-1,https://joyoungofficial.com/products/noi-chien-khong-dau-joyoung-jaf-612,3,https://cdn.hstatic.net/products/200000935481/1_ffeb490cffd74267af102089f004bee8_master.jpg,Active
02101610-1,https://joyoungofficial.com/products/noi-chien-khong-dau-joyoung-jaf-612,4,https://cdn.hstatic.net/products/200000935481/2_8d5e390940db48e7b822cf6f54cd267a_master.jpg,Active
02101610-1,https://joyoungofficial.com/products/noi-chien-khong-dau-joyoung-jaf-612,5,https://cdn.hstatic.net/products/200000935481/3_256990f6b46a4158891ade0ca12ef6e6_master.jpg,Active
02101610-1,https://joyoungofficial.com/products/noi-chien-khong-dau-joyoung-jaf-612,6,https://cdn.hstatic.net/products/200000935481/san-pham-noi-chien-khong-dau-jaf-612__3__47334897314d41c191d0d2da2acd7649_master.png,Active
02101610-1,https://joyoungofficial.com/products/noi-chien-khong-dau-joyoung-jaf-612,7,https://cdn.hstatic.net/products/200000935481/san-pham-noi-chien-khong-dau-jaf-612__2__fb9d8b600e74445abbe92fa5223f964a_master.png,Active
02064746-1,https://magic.com.vn/san-pham/may-ep-cham-magic-eco-ac-147/,1,https://magic.s3.vn-hcm-1.vietnix.cloud/wp-content/uploads/2024/09/1-15.jpg,Active
02064746-1,https://magic.com.vn/san-pham/may-ep-cham-magic-eco-ac-147/,2,https://magic.s3.vn-hcm-1.vietnix.cloud/wp-content/uploads/2024/09/2-11.jpg,Active
02064746-1,https://magic.com.vn/san-pham/may-ep-cham-magic-eco-ac-147/,3,https://magic.s3.vn-hcm-1.vietnix.cloud/wp-content/uploads/2024/09/5-5.jpg,Active
02064746-1,https://magic.com.vn/san-pham/may-ep-cham-magic-eco-ac-147/,4,https://magic.s3.vn-hcm-1.vietnix.cloud/wp-content/uploads/2024/09/4-6.jpg,Active
02064746-1,https://magic.com.vn/san-pham/may-ep-cham-magic-eco-ac-147/,5,https://magic.s3.vn-hcm-1.vietnix.cloud/wp-content/uploads/2024/09/3-8.jpg,Active
01190089-1,https://perfectusa.com.vn/products/binh-dun-sieu-toc-perfect-pf-b2,1,https://product.hstatic.net/1000218184/product/b2_329f4dc53b5543279aaa0a720649ce16_small.jpg,Active
01190089-1,https://perfectusa.com.vn/products/binh-dun-sieu-toc-perfect-pf-b2,2,https://product.hstatic.net/1000218184/product/z3336285684775_e56a6d20ef26e8363e5070255ce7283b_1c9a3af50569496da5161607a0cb42aa_small.jpg,Active
01190089-1,https://perfectusa.com.vn/products/binh-dun-sieu-toc-perfect-pf-b2,3,https://product.hstatic.net/1000218184/product/z3336285680845_bc493135ddc3b8dd90a3e9d44e7ea8b8_d8de36c1c4454bd0b857bdeed2fe000b_small.jpg,Active
01190089-1,https://perfectusa.com.vn/products/binh-dun-sieu-toc-perfect-pf-b2,4,https://product.hstatic.net/1000218184/product/z3336285684808_2edcebfc8dd48f2f11b019b852b74fbe_5e5a6b88b6744b4686155796f2fb905c_small.jpg,Active
01190089-1,https://perfectusa.com.vn/products/binh-dun-sieu-toc-perfect-pf-b2,5,https://product.hstatic.net/1000218184/product/z3336285684812_a84bbd8fcb815e0979bd5515ecf20638_0e45677d67864344b111307727836f81_small.jpg,Active
01190089-1,https://perfectusa.com.vn/products/binh-dun-sieu-toc-perfect-pf-b2,6,https://product.hstatic.net/1000218184/product/z3336285684814_29db7db183317754d995d99d2800f8a0_ac0307ec17ea4479881b3b252bcd5132_small.jpg,Active
02066270-1,https://perfectusa.com.vn/products/noi-nau-lau-da-nang-perfect-pf-m7,1,https://product.hstatic.net/1000218184/product/z5991665483910_91519ca4d4101f3bcbd516747cee0981_af73850ced5c422d98efd401e370c7c9_small.jpg,Active
02066270-1,https://perfectusa.com.vn/products/noi-nau-lau-da-nang-perfect-pf-m7,2,https://product.hstatic.net/1000218184/product/z5991661443199_eb053a36999d5393b61ce5358e131964_d1b7936001204766a47b69805e7bb966_small.jpg,Active
02066270-1,https://perfectusa.com.vn/products/noi-nau-lau-da-nang-perfect-pf-m7,3,https://product.hstatic.net/1000218184/product/z5991661443201_e66d91a4f46788c0a4963ea757e08dd6_1f5926d7be774663bf9a2bd95b7f560c_small.jpg,Active
02066270-1,https://perfectusa.com.vn/products/noi-nau-lau-da-nang-perfect-pf-m7,4,https://product.hstatic.net/1000218184/product/z5991661443202_b172dbd8fe4df7b79b721080c276ba22_a80e9568854c4518ab23647a9db28d56_small.jpg,Active
02066270-1,https://perfectusa.com.vn/products/noi-nau-lau-da-nang-perfect-pf-m7,5,https://product.hstatic.net/1000218184/product/z5991661443206_6a1fdce8f03eb3767ad81b65f8e733fd_6f5788fe3f1749439bb97169bcc630a1_small.jpg,Active
00430194-1,https://sunhouse.com.vn/dien-gia-dung/bep-hong-ngoai/sunhouse-shd6014.html,1,https://sunhouse.com.vn/pic/product/images/bep-hong-ngoai-sunhouse-shd6014_001.png,Active
00430194-1,https://sunhouse.com.vn/dien-gia-dung/bep-hong-ngoai/sunhouse-shd6014.html,2,https://sunhouse.com.vn/pic/product/images/1(45).jpg,Active
00430194-1,https://sunhouse.com.vn/dien-gia-dung/bep-hong-ngoai/sunhouse-shd6014.html,3,https://sunhouse.com.vn/pic/product/images/2(41).jpg,Active
00430194-1,https://sunhouse.com.vn/dien-gia-dung/bep-hong-ngoai/sunhouse-shd6014.html,4,https://sunhouse.com.vn/pic/product/images/3(39).jpg,Active
00430194-1,https://sunhouse.com.vn/dien-gia-dung/bep-hong-ngoai/sunhouse-shd6014.html,5,https://sunhouse.com.vn/pic/product/images/4(35).jpg,Active
00430194-1,https://sunhouse.com.vn/dien-gia-dung/bep-hong-ngoai/sunhouse-shd6014.html,6,https://sunhouse.com.vn/pic/product/images/5(34).jpg,Active
00430194-1,https://sunhouse.com.vn/dien-gia-dung/bep-hong-ngoai/sunhouse-shd6014.html,7,https://sunhouse.com.vn/pic/product/images/6(33).jpg,Active
00430194-1,https://sunhouse.com.vn/dien-gia-dung/bep-hong-ngoai/sunhouse-shd6014.html,8,https://sunhouse.com.vn/pic/product/images/7(30).jpg,Active
00574562-1,https://cometgiadung.vn/binh-dun-sieu-toc-cm8215,1,https://bizweb.dktcdn.net/100/367/623/products/1-6b29f0ac-8aec-4744-9152-9d712aeab155.jpg?v=1721707515343,Active
00574562-1,https://cometgiadung.vn/binh-dun-sieu-toc-cm8215,2,https://bizweb.dktcdn.net/100/367/623/products/2-5793d6fe-520c-422c-8729-e0e3a0cbd12c.jpg?v=1721707538297,Active
00574562-1,https://cometgiadung.vn/binh-dun-sieu-toc-cm8215,3,https://bizweb.dktcdn.net/100/367/623/products/cm8215-h3.jpg?v=1721707534530,Active
00770932-1,https://sunhouse.com.vn/pic/product/images/am-sieu-toc-sunhouse-shd1300_002.png,1,https://sunhouse.com.vn/pic/product/images/am-sieu-toc-sunhouse-shd1300_002.png,Active
00645974-1,https://sunhouse.com.vn/dien-gia-dung/bep-nuong-dien/sunhouse-shd4607.html,1,https://sunhouse.com.vn/pic/product/images/SHD4607.jpg,Active
00645974-1,https://sunhouse.com.vn/dien-gia-dung/bep-nuong-dien/sunhouse-shd4607.html,2,https://sunhouse.com.vn/pic/product/images/image-20191009102759-1.jpeg,Active
00645974-1,https://sunhouse.com.vn/dien-gia-dung/bep-nuong-dien/sunhouse-shd4607.html,3,https://sunhouse.com.vn/pic/product/images/image-20191009102759-2.jpeg,Active
00645974-1,https://sunhouse.com.vn/dien-gia-dung/bep-nuong-dien/sunhouse-shd4607.html,4,https://sunhouse.com.vn/pic/product/images/image-20191009102831-3.jpeg,Active
00645974-1,https://sunhouse.com.vn/dien-gia-dung/bep-nuong-dien/sunhouse-shd4607.html,5,https://sunhouse.com.vn/pic/product/images/image-20191009102831-4.jpeg,Active
00645974-1,https://sunhouse.com.vn/dien-gia-dung/bep-nuong-dien/sunhouse-shd4607.html,6,https://sunhouse.com.vn/pic/product/images/image-20191009102831-5.jpeg,Active
00809345-1,https://sunhouse.com.vn/dien-gia-dung/noi-com-dien/sunhouse-shd8607w.html,1,https://sunhouse.com.vn/pic/product/images/image-20250815133016-1.png,Active
00809345-1,https://sunhouse.com.vn/dien-gia-dung/noi-com-dien/sunhouse-shd8607w.html,2,https://sunhouse.com.vn/pic/product/images/7(78).jpg,Active
00809345-1,https://sunhouse.com.vn/dien-gia-dung/noi-com-dien/sunhouse-shd8607w.html,3,https://sunhouse.com.vn/pic/product/images/2(151).jpg,Active
00809345-1,https://sunhouse.com.vn/dien-gia-dung/noi-com-dien/sunhouse-shd8607w.html,4,https://sunhouse.com.vn/pic/product/images/3(152).jpg,Active
00809345-1,https://sunhouse.com.vn/dien-gia-dung/noi-com-dien/sunhouse-shd8607w.html,5,https://sunhouse.com.vn/pic/product/images/4(142).jpg,Active
00809345-1,https://sunhouse.com.vn/dien-gia-dung/noi-com-dien/sunhouse-shd8607w.html,6,https://sunhouse.com.vn/pic/product/images/5(126).jpg,Active
00809345-1,https://sunhouse.com.vn/dien-gia-dung/noi-com-dien/sunhouse-shd8607w.html,7,https://sunhouse.com.vn/pic/product/images/6(115).jpg,Active
01018473-1,https://sunhouse.com.vn/dien-gia-dung/am-sieu-toc/sunhouse-shd1351.html,1,https://sunhouse.com.vn/pic/general/images/1000x670(6).jpg,Active
01018473-1,https://sunhouse.com.vn/dien-gia-dung/am-sieu-toc/sunhouse-shd1351.html,2,https://sunhouse.com.vn/pic/general/images/Artboard%205(5).jpg,Active
01018473-1,https://sunhouse.com.vn/dien-gia-dung/am-sieu-toc/sunhouse-shd1351.html,3,https://sunhouse.com.vn/pic/general/images/Artboard%202(7).jpg,Active
01018473-1,https://sunhouse.com.vn/dien-gia-dung/am-sieu-toc/sunhouse-shd1351.html,4,https://sunhouse.com.vn/pic/general/images/Artboard%201(8).jpg,Active
01018473-1,https://sunhouse.com.vn/dien-gia-dung/am-sieu-toc/sunhouse-shd1351.html,5,https://sunhouse.com.vn/pic/product/images/Artboard%204(61).jpg,Active
01018473-1,https://sunhouse.com.vn/dien-gia-dung/am-sieu-toc/sunhouse-shd1351.html,6,https://sunhouse.com.vn/pic/product/images/Artboard%206(24).jpg,Active